{
  "datas": [
    {
      "id": "3cd8",
      "firstName": "Nishapriyaa",
      "lastName": "Mathisekaran",
      "email": "nishapriyaa228@gmail.com",
      "password": "123"
    },
    {
      "id": "09bb",
      "firstName": "Vk",
      "lastName": "Vk",
      "email": "vk123@gmail.com",
      "password": "123"
    },
    {
      "id": "bdc3",
      "firstName": "Vinoth",
      "lastName": "Kumar",
      "email": "vinothkumar13082000@gmail.com",
      "password": "Vk"
    },
    {
      "id": "626c",
      "firstName": "nadnsf",
      "lastName": "nsbn fn",
      "email": "mbdmg md m",
      "password": "nfsbndbnbd"
    },
    {
      "id": "44b1",
      "firstName": "vino",
      "lastName": "lav",
      "email": "vinothkumar13082000@gmail.com",
      "password": "vino"
    },
    {
      "id": "5c90",
      "firstName": "pradeep",
      "lastName": "kumar",
      "email": "vinothkumar13082000@gmail.com",
      "password": "bjio"
    },
    {
      "id": "170d",
      "firstName": "Ramya",
      "lastName": "Palacholla",
      "email": "ramya.sri.p31@gmail.com",
      "password": "ramya@2003"
    },
    {
      "id": "fdb9",
      "firstName": "saravanan",
      "lastName": "s",
      "email": "saro@123",
      "password": "123456789"
    }
  ]
}